state_fips,state_name,state_abbr,census_region,median_household_income_2019,median_household_income_2024,income_moe_2019,income_moe_2024,median_home_value_2019,median_home_value_2024,home_value_moe_2019,home_value_moe_2024,mortgage_rate_2019,mortgage_rate_2024,price_to_income_2019,price_to_income_2024,home_value_growth_pct,income_growth_pct,growth_gap_percentage_points,price_to_income_change,price_to_income_change_pct,monthly_payment_2019,monthly_payment_2024,mortgage_burden_2019,mortgage_burden_2024,mortgage_burden_change,affordability_rank_2024,mortgage_burden_rank_2024
15,Hawaii,HI,West,83102,100745,2138,1760,669200,875900,10116,14013,3.935769230769231,6.721153846153846,8.052754446343048,8.694228001389646,30.88762701733414,21.23053596784674,9.657091049487398,0.6414735550465984,7.965889924011127,2536.1060262259484,4531.428639138389,36.62158830679331,53.975029698407525,17.35344139161421,1,1
06,California,CA,West,80440,100149,313,381,568500,759500,2502,3644,3.935769230769231,6.721153846153846,7.0673794132272505,7.5837002865730065,33.59718557607741,24.501491795126796,9.095693780950612,0.516320873345756,7.3056905984050236,2154.4773997451457,3929.238556257115,32.14038885746115,47.08071241358913,14.940323556127986,2,2
11,District of Columbia,DC,South,92266,109707,2497,4149,646500,733400,19826,25632,3.935769230769231,6.721153846153846,7.006914789846747,6.685079347717101,13.441608662026304,18.90295450111634,-5.461345839090036,-0.3218354421296459,-4.5931119727043885,2450.078520554506,3794.2113984976536,31.865413312221268,41.50194315948102,9.636529847259755,3,3
53,Washington,WA,West,78687,99389,923,1322,387600,602200,2320,3897,3.935769230769231,6.721153846153846,4.925845438255366,6.059020615963537,55.366357069143454,26.30930140938148,29.057055659761975,1.1331751777081713,23.004684006275244,1468.9101849449755,3115.454191676148,22.40131434587633,37.61527965882922,15.213965312952894,4,4
08,Colorado,CO,West,77127,97113,791,1081,394600,574600,2695,3773,3.935769230769231,6.721153846153846,5.116236856094494,5.916818551584237,45.6158134820071,25.913104360340732,19.702709121666366,0.8005816954897433,15.647862247348554,1495.438490658636,2972.6668524362585,23.26715921519524,36.73246859764924,13.465309382453999,5,5
41,Oregon,OR,West,67058,85220,873,1399,354600,497500,2994,3618,3.935769230769231,6.721153846153846,5.287959676697784,5.837831494954236,40.29892836999436,27.084016821259205,13.214911548735152,0.5498718182564524,10.398562997360749,1343.8481722948613,2573.793524342218,24.048104726562585,36.24210548240626,12.194000755843675,6,6
25,Massachusetts,MA,Northeast,85843,104828,991,1650,418600,607400,3128,3979,3.935769230769231,6.721153846153846,4.876344023391541,5.794253443736406,45.102723363592936,22.115955872930826,22.98676749066211,0.9179094203448654,18.823721541009153,1586.3926816769008,3142.3561541416348,22.176196288716387,35.97156661359524,13.795370324878856,7,7
30,Montana,MT,West,57153,75340,1205,1635,253600,425400,5097,10246,3.935769230769231,6.721153846153846,4.437212394799923,5.646402973188214,67.74447949526814,31.821601665704335,35.9228778295638,1.2091905783882906,27.25113135907964,961.0826184263307,2200.7874678496073,20.179153187262205,35.053689426858625,14.87453623959642,8,8
49,Utah,UT,West,75780,96658,1093,1179,330300,545200,3196,6188,3.935769230769231,6.721153846153846,4.358669833729216,5.64050570051108,65.06206478958522,27.550804961731323,37.5112598278539,1.2818358667818641,29.408877379573006,1251.7570538888683,2820.567295419854,19.821964432127764,35.017078301887324,15.19511386975956,9,9
32,Nevada,NV,West,63276,81134,1021,1112,317800,455500,3094,3836,3.935769230769231,6.721153846153846,5.02244136797522,5.614169152266621,43.329137822529894,28.222390795878383,15.106747026651512,0.5917277842914013,11.781676299189026,1204.385079400189,2356.508442890212,22.840604578042647,34.85357718673126,12.01297260868861,10,10
16,Idaho,ID,West,60999,81166,1070,1340,255200,446400,4009,5301,3.935769230769231,6.721153846153846,4.183675142215447,5.499839834413424,74.92163009404389,33.06119772455287,41.86043236949102,1.3161646921979777,31.459533722329326,967.1462311608816,2309.4300085756104,19.026139402171477,34.143804182671715,15.117664780500238,11,11
44,Rhode Island,RI,Northeast,71169,83504,1559,3548,283000,455700,3445,6647,3.935769230769231,6.721153846153846,3.9764504208292935,5.4572236060548,61.02473498233216,17.331984431423784,43.69275055090838,1.4807731852255066,37.238567780676355,1072.501502423705,2357.543133754269,18.08374155753834,33.87923644981226,15.795494892273922,12,12
36,New York,NY,Northeast,72108,85820,452,653,338700,449800,3182,3718,3.935769230769231,6.721153846153846,4.697120985188883,5.241202516895829,32.80188957779746,19.015920563599042,13.785969014198418,0.5440815317069454,11.583298225073646,1283.5910207452612,2327.019753264582,21.36114196613848,32.53814616543345,11.177004199294974,13,13
04,Arizona,AZ,West,62055,81486,446,684,255900,426000,2295,2728,3.935769230769231,6.721153846153846,4.123761179598743,5.227891907812385,66.47127784290738,31.312545322697606,35.15873252020978,1.1041307282136419,26.774846556974417,969.7990617322477,2203.8915404417785,18.753668102146438,32.45551197175139,13.701843869604954,14,14
12,Florida,FL,South,59227,77735,443,564,245100,396900,1183,1617,3.935769230769231,6.721153846153846,4.138315295388927,5.105808194506979,61.933904528763776,31.24926131662924,30.684643212134535,0.967492899118052,23.3789073586556,928.8696757740287,2053.34401972146,18.81985599353056,31.697598554907724,12.877742561377165,15,15
34,New Jersey,NJ,Northeast,85751,104294,760,997,348800,496000,1764,2982,3.935769230769231,6.721153846153846,4.067591048500892,4.7557865265499455,42.20183486238531,21.62423761822019,20.577597244165123,0.6881954780490531,16.918993818286786,1321.867576132114,2566.0333428617896,18.498222660476692,29.524613222564554,11.026390562087862,16,16
47,Tennessee,TN,South,56071,71997,658,638,191900,332600,1785,2448,3.935769230769231,6.721153846153846,3.42244654099267,4.619636929316499,73.31943720687859,28.40327441993187,44.91616278694672,1.197190388323829,34.98054312855936,727.2545523502084,1720.690906927079,15.564292821962333,28.679376756149487,13.115083934187155,17,17
33,New Hampshire,NH,Northeast,77933,99782,1994,2489,281400,458800,3663,6138,3.935769230769231,6.721153846153846,3.610793887056831,4.598023691647792,63.041933191186914,28.035620340548938,35.006312850637975,0.9872298045909611,27.341073333755283,1066.437889689154,2373.580842147155,16.42084184654748,28.545198638798443,12.124356792250964,18,18
37,North Carolina,NC,South,57341,73958,611,863,193200,333000,1582,1908,3.935769230769231,6.721153846153846,3.3693168936711952,4.502555504475513,72.36024844720497,28.979264400690607,43.38098404651436,1.1332386108043178,33.634076181226916,732.1812376970311,1722.760288655193,15.32267461740181,27.952518272346893,12.629843654945082,19,19
56,Wyoming,WY,West,65003,75532,2118,2468,235200,339500,6203,8452,3.935769230769231,6.721153846153846,3.618294540251988,4.494783667849388,44.345238095238095,16.19771395166376,28.147524143574334,0.8764891275974,24.22381920119634,891.3510719789944,1756.3877417370513,16.45495263872119,27.904269582222916,11.449316943501728,20,20
23,Maine,ME,Northeast,58924,76442,1758,1354,200500,341900,3246,4987,3.935769230769231,6.721153846153846,3.402688208539814,4.472672091258732,70.52369077306733,29.729821464937878,40.79386930812945,1.0699838827189185,31.445252022608262,759.84647079842,1768.8040321057372,15.474437664756366,27.766997704493402,12.292560039737037,21,21
51,Virginia,VA,South,76456,92090,842,831,288800,403500,2150,3411,3.935769230769231,6.721153846153846,3.7773359840954273,4.3815832337930285,39.71606648199446,20.44836245683792,19.26770402515654,0.6042472496976012,15.996650873573337,1094.4820985864524,2087.4888182353466,17.178226931879024,27.20150485267039,10.023277920791365,22,22
13,Georgia,GA,South,61980,79991,437,633,202500,343300,1708,2287,3.935769230769231,6.721153846153846,3.2671829622458857,4.2917328199422435,69.53086419753087,29.059373991610205,40.471490205920674,1.0245498576963579,31.358814903713707,767.4259867166087,1776.0468681541377,14.858199161986615,26.643700438611408,11.785501276624792,23,23
50,Vermont,VT,Northeast,63001,82730,1755,1846,233200,352800,5016,7277,3.935769230769231,6.721153846153846,3.701528547165918,4.264474797534147,51.286449399656945,31.31537594641356,19.971073453243385,0.562946250368229,15.208480582954031,883.7715560608057,1825.1946841968534,16.83347672692444,26.474478678063875,9.641001951139433,24,24
10,Delaware,DE,South,70176,87534,1623,2747,261700,371600,4816,4972,3.935769230769231,6.721153846153846,3.7291951664386684,4.245207576484566,41.99465036301109,24.734952120383035,17.259698242628055,0.5160124100458972,13.837098543133685,991.7796578949951,1922.4556254182276,16.959296475632613,26.35486497248924,9.395568496856626,25,25
24,Maryland,MD,South,86738,102905,934,1404,332500,436300,2266,3089,3.935769230769231,6.721153846153846,3.833383292213332,4.239832855546378,31.218045112781944,18.63888952938735,12.579155583394595,0.4064495633330454,10.602893902069678,1260.094521398876,2257.1781199407233,17.433113810309795,26.32149792457964,8.888384114269844,26,26
45,South Carolina,SC,South,56227,72350,835,959,179800,299500,2141,3303,3.935769230769231,6.721153846153846,3.197751969694275,4.139599170697996,66.57397107897664,28.6748359329148,37.89913514606184,0.9418472010037209,29.453416335281535,681.3984810451666,1549.4495689256166,14.542447174030269,25.6992326566792,11.156785482648932,27,27
09,Connecticut,CT,Northeast,78833,96049,1358,1824,280700,396900,2718,3745,3.935769230769231,6.721153846153846,3.560691588547943,4.132265822653021,41.39650872817955,21.838570141945635,19.557938586233913,0.5715742341050776,16.052337583614396,1063.785059117788,2053.34401972146,16.192991145095906,25.65370616732867,9.460715022232765,28,28
35,New Mexico,NM,West,51945,67816,969,1867,180900,279900,2783,4338,3.935769230769231,6.721153846153846,3.4825295986139184,4.127344579450277,54.72636815920397,30.55347001636346,24.172898142840513,0.6448149808363586,18.51570711970407,685.5672148001704,1448.0498642480138,15.837533116954559,25.62315437503858,9.7856212580840225,29,29
27,Minnesota,MN,North Central,74593,87117,826,961,246700,344600,1627,1807,3.935769230769231,6.721153846153846,3.3072808440470287,3.9555999403101576,39.683826509931095,16.789779201801778,22.894047308129316,0.6483190962631289,19.60278327829572,934.9332885085796,1782.7723587705093,15.040552682025062,24.556938720624117,9.516386038599055,30,30
02,Alaska,AK,West,75463,95665,2694,3278,281200,376500,5927,7020,3.935769230769231,6.721153846153846,3.726329459470204,3.9356086342967647,33.890469416785194,26.770735327246477,7.119734089538717,0.20927917482656078,5.616228438811088,1065.6799380973353,1947.8055515876283,16.94626407268201,24.43282979046834,7.4865657177863305,31,31
48,Texas,TX,South,64034,79721,500,564,200400,313200,1201,1780,3.935769230769231,6.721153846153846,3.1295874066901956,3.9287013459439795,56.287425149700596,24.49792297841771,31.789502171282887,0.7991139392537838,25.534162667752902,759.4674950025105,1620.325893113533,14.232454539822792,24.38994834154413,10.157493801721339,32,32
55,Wisconsin,WI,North Central,64168,77488,600,902,197200,294700,1492,1862,3.935769230769231,6.721153846153846,3.073182894900885,3.8031695230229197,49.442190669371186,20.75801022316419,28.684180446206994,0.7299866281220346,23.75343912440908,747.3402695334086,1524.6169881882447,13.975943202843947,23.61062855959495,9.634685356751003,33,33
46,South Dakota,SD,North Central,59533,76881,1949,1990,185000,289600,3869,6421,3.935769230769231,6.721153846153846,3.107520198881293,3.7668604726785553,56.54054054054054,29.1401407622663,27.40039977827424,0.6593402737972625,21.217570010795896,701.1052224324574,1498.2323711547865,14.132099288108254,23.38521670355151,9.253117415443256,34,34
22,Louisiana,LA,South,51073,60986,586,803,172100,223200,1937,2575,3.935769230769231,6.721153846153846,3.3696865271278367,3.6598563604761747,29.692039511911684,19.409472715524846,10.282566796386838,0.290169833348338,8.6111818120858,652.21734476014,1154.7150042878052,15.324355603002918,22.720919639677405,7.396564036674487,35,35
42,Pennsylvania,PA,Northeast,63463,77545,429,816,192600,277600,1105,1517,3.935769230769231,6.721153846153846,3.034839197642721,3.5798568573086595,44.132917964693675,22.18930715535037,21.943610809343305,0.5450176596659384,17.958699758763984,729.9073829215745,1436.1509193113561,13.801567204605666,22.224271109338154,8.422703904732488,36,36
29,Missouri,MO,North Central,57409,71589,642,703,168000,254400,1365,2059,3.935769230769231,6.721153846153846,2.9263704297235624,3.553618572685748,51.42857142857142,24.699959936595306,26.728611491976118,0.6272481429621855,21.4343384757834,636.6793371278532,1316.1267790807242,13.308282752763919,22.06138002901101,8.75309727624709,37,37
26,Michigan,MI,North Central,59584,72389,572,567,169600,254200,893,1616,3.935769230769231,6.721153846153846,2.8464017185821695,3.5115832515989998,49.882075471698116,21.49066863587541,28.391406835822707,0.6651815330168303,23.36920782032714,642.7429498624041,1315.0920882166672,12.944608281331982,21.800418652834004,8.855810371502022,38,38
21,Kentucky,KY,South,52295,64526,625,1165,151700,226000,1390,2611,3.935769230769231,6.721153846153846,2.900850941772636,3.5024641229891826,48.978246539222155,23.388469260923618,25.589777278298538,0.6016131812165466,20.73919664582684,574.906282394615,1169.2006763846057,13.192227533675075,21.74380577846956,8.551578244794486,39,39
01,Alabama,AL,South,51734,66659,600,780,154000,233300,2032,2461,3.935769230769231,6.721153846153846,2.976765763327792,3.4999024887862102,51.4935064935065,28.849499362121623,22.64400713138488,0.5231367254584183,17.573996983679095,583.6227257005321,1206.9668929226923,13.537466092717334,21.727902781428327,8.190436688710992,40,40
05,Arkansas,AR,South,48952,62106,863,831,136200,215600,2039,3253,3.935769230769231,6.721153846153846,2.7823173721196275,3.4714842366277012,58.29662261380324,26.871220787710403,31.425401826092834,0.6891668645080737,24.76952742393481,516.1650340286524,1115.3967514536328,12.653171286860248,21.551478146143037,8.898306859282789,41,41
31,Nebraska,NE,North Central,63229,76376,936,1384,172700,263100,1716,3117,3.935769230769231,6.721153846153846,2.7313416312135255,3.444799413428302,52.34510712217719,20.792674247576272,31.552432874600918,0.7134577822147765,26.121147719547256,654.4911995355967,1361.1358316672113,12.42134842307669,21.385814889502637,8.964466466425947,42,42
38,North Dakota,ND,North Central,64577,77871,3011,2755,205400,266100,5446,5332,3.935769230769231,6.721153846153846,3.180699010483609,3.4171899680240396,29.552093476144115,20.586276847794103,8.965816628350012,0.2364909575404308,7.435188201114129,778.4162847979824,1376.656194628069,14.464895268556589,21.214411443973788,6.749516175417199,43,43
18,Indiana,IN,North Central,57603,71959,680,630,156000,243500,987,1916,3.935769230769231,6.721153846153846,2.708192281651997,3.3838713711974875,56.08974358974359,24.922313073971836,31.167430515771755,0.6756790895454903,24.94945038146723,591.2022416187208,1259.7361269896082,12.316071904978298,21.007564757535956,8.691492852557658,44,44
17,Illinois,IL,North Central,69187,83211,585,898,209100,280700,1514,1768,3.935769230769231,6.721153846153846,3.022244063191062,3.3733520808546946,34.241989478718324,20.269703846098253,13.972285632620071,0.35110801766363275,11.617460745142871,792.4383892466315,1452.1886277042424,13.74428819136482,20.942259475851642,7.197971284486822,45,45
40,Oklahoma,OK,South,54449,66148,599,663,147000,222100,1597,2147,3.935769230769231,6.721153846153846,2.699774100534445,3.3576223015057143,51.08843537414967,21.486161362008495,29.602274012141173,0.6578482009712694,24.366786867132404,557.0944199868716,1149.0242045354908,12.27778846230869,20.84460672193549,8.566818259626801,46,46
39,Ohio,OH,North Central,58642,72212,563,538,157200,239800,827,1395,3.935769230769231,6.721153846153846,2.6806725555062925,3.3207777100758875,52.544529262086506,23.14041130930049,29.404117952786017,0.640105154569595,23.878528291520485,595.749951169634,1240.5943460045505,12.19092018354696,20.615870149081324,8.424949965534365,47,47
20,Kansas,KS,North Central,62087,75514,692,996,163200,238700,1834,2937,3.935769230769231,6.721153846153846,2.6285695878364232,3.1610032576740736,46.26225490196079,21.62610530384783,24.636149598112958,0.5324336698376504,20.255642928437624,618.4884989242003,1234.903546252236,11.953971019843774,19.623967151821958,7.669996131978184,48,48
28,Mississippi,MS,South,45792,59127,1184,1560,128200,186500,2821,3787,3.935769230769231,6.721153846153846,2.7996156533892385,3.1542273411470223,45.4758190327613,29.120807127882607,16.355011904878694,0.35461168775778384,12.666441814200024,485.84697035589744,964.849230733314,12.731838845804441,19.581901278265036,6.850062432460595,49,49
19,Iowa,IA,North Central,61691,75501,750,1016,158900,227300,1544,2299,3.935769230769231,6.721153846153846,2.575740383524339,3.0105561515741512,43.04594084329767,22.38576129419203,20.660179549105642,0.43481576804981215,16.88119543534359,602.1925397000945,1175.926167000977,11.71371914282656,18.689969674589378,6.976250531762817,50,50
54,West Virginia,WV,South,48850,60798,1131,1120,124600,170800,2889,2594,3.935769230769231,6.721153846153846,2.5506653019447287,2.8093029375966316,37.07865168539326,24.458546571136132,12.620105114257129,0.2586376356519029,10.140006823110316,472.20384170315776,883.6259979048258,11.59968495483704,17.44056050340128,5.84087554856424,51,51
