year,state_fips,state_name,median_household_income,income_moe,median_home_value,home_value_moe
2019,17,Illinois,69187,585,209100,1514
2019,13,Georgia,61980,437,202500,1708
2019,16,Idaho,60999,1070,255200,4009
2019,15,Hawaii,83102,2138,669200,10116
2019,18,Indiana,57603,680,156000,987
2019,19,Iowa,61691,750,158900,1544
2019,20,Kansas,62087,692,163200,1834
2019,21,Kentucky,52295,625,151700,1390
2019,22,Louisiana,51073,586,172100,1937
2019,23,Maine,58924,1758,200500,3246
2019,24,Maryland,86738,934,332500,2266
2019,25,Massachusetts,85843,991,418600,3128
2019,26,Michigan,59584,572,169600,893
2019,27,Minnesota,74593,826,246700,1627
2019,09,Connecticut,78833,1358,280700,2718
2019,12,Florida,59227,443,245100,1183
2019,01,Alabama,51734,600,154000,2032
2019,02,Alaska,75463,2694,281200,5927
2019,04,Arizona,62055,446,255900,2295
2019,05,Arkansas,48952,863,136200,2039
2019,06,California,80440,313,568500,2502
2019,08,Colorado,77127,791,394600,2695
2019,10,Delaware,70176,1623,261700,4816
2019,11,District of Columbia,92266,2497,646500,19826
2019,28,Mississippi,45792,1184,128200,2821
2019,29,Missouri,57409,642,168000,1365
2019,30,Montana,57153,1205,253600,5097
2019,31,Nebraska,63229,936,172700,1716
2019,32,Nevada,63276,1021,317800,3094
2019,33,New Hampshire,77933,1994,281400,3663
2019,34,New Jersey,85751,760,348800,1764
2019,35,New Mexico,51945,969,180900,2783
2019,36,New York,72108,452,338700,3182
2019,37,North Carolina,57341,611,193200,1582
2019,38,North Dakota,64577,3011,205400,5446
2019,39,Ohio,58642,563,157200,827
2019,40,Oklahoma,54449,599,147000,1597
2019,41,Oregon,67058,873,354600,2994
2019,42,Pennsylvania,63463,429,192600,1105
2019,44,Rhode Island,71169,1559,283000,3445
2019,45,South Carolina,56227,835,179800,2141
2019,46,South Dakota,59533,1949,185000,3869
2019,47,Tennessee,56071,658,191900,1785
2019,48,Texas,64034,500,200400,1201
2019,50,Vermont,63001,1755,233200,5016
2019,49,Utah,75780,1093,330300,3196
2019,51,Virginia,76456,842,288800,2150
2019,53,Washington,78687,923,387600,2320
2019,54,West Virginia,48850,1131,124600,2889
2019,55,Wisconsin,64168,600,197200,1492
2019,56,Wyoming,65003,2118,235200,6203
2019,72,Puerto Rico,20474,382,110300,1108
2024,01,Alabama,66659,780,233300,2461
2024,02,Alaska,95665,3278,376500,7020
2024,04,Arizona,81486,684,426000,2728
2024,05,Arkansas,62106,831,215600,3253
2024,06,California,100149,381,759500,3644
2024,08,Colorado,97113,1081,574600,3773
2024,09,Connecticut,96049,1824,396900,3745
2024,10,Delaware,87534,2747,371600,4972
2024,11,District of Columbia,109707,4149,733400,25632
2024,12,Florida,77735,564,396900,1617
2024,13,Georgia,79991,633,343300,2287
2024,15,Hawaii,100745,1760,875900,14013
2024,16,Idaho,81166,1340,446400,5301
2024,17,Illinois,83211,898,280700,1768
2024,18,Indiana,71959,630,243500,1916
2024,19,Iowa,75501,1016,227300,2299
2024,20,Kansas,75514,996,238700,2937
2024,21,Kentucky,64526,1165,226000,2611
2024,22,Louisiana,60986,803,223200,2575
2024,23,Maine,76442,1354,341900,4987
2024,24,Maryland,102905,1404,436300,3089
2024,25,Massachusetts,104828,1650,607400,3979
2024,26,Michigan,72389,567,254200,1616
2024,27,Minnesota,87117,961,344600,1807
2024,28,Mississippi,59127,1560,186500,3787
2024,29,Missouri,71589,703,254400,2059
2024,30,Montana,75340,1635,425400,10246
2024,31,Nebraska,76376,1384,263100,3117
2024,32,Nevada,81134,1112,455500,3836
2024,33,New Hampshire,99782,2489,458800,6138
2024,34,New Jersey,104294,997,496000,2982
2024,35,New Mexico,67816,1867,279900,4338
2024,36,New York,85820,653,449800,3718
2024,37,North Carolina,73958,863,333000,1908
2024,38,North Dakota,77871,2755,266100,5332
2024,39,Ohio,72212,538,239800,1395
2024,40,Oklahoma,66148,663,222100,2147
2024,41,Oregon,85220,1399,497500,3618
2024,42,Pennsylvania,77545,816,277600,1517
2024,44,Rhode Island,83504,3548,455700,6647
2024,45,South Carolina,72350,959,299500,3303
2024,46,South Dakota,76881,1990,289600,6421
2024,47,Tennessee,71997,638,332600,2448
2024,48,Texas,79721,564,313200,1780
2024,49,Utah,96658,1179,545200,6188
2024,50,Vermont,82730,1846,352800,7277
2024,51,Virginia,92090,831,403500,3411
2024,53,Washington,99389,1322,602200,3897
2024,54,West Virginia,60798,1120,170800,2594
2024,55,Wisconsin,77488,902,294700,1862
2024,56,Wyoming,75532,2468,339500,8452
2024,72,Puerto Rico,27213,751,142100,1869
